Room_Name,Rate_Name,Description,Price,CheckIn,CheckOut,Hotel_ID
Double Room (Compact),Internet Included - Non-refundable,2 GUESTS   2 NIGHTS FROM,$656AUD,2024-02-10,2024-02-12,18482
Double Room (Compact),Internet Included - Non-refundable,2 GUESTS   2 NIGHTS FROM,$693AUD / 2 nights,2024-02-10,2024-02-12,18482
Double Room (Compact),Internet Included - Non-refundable,2 GUESTS   2 NIGHTS FROM,$812AUD / 2 nights,2024-02-10,2024-02-12,18482
Deluxe Double Room,Internet Included - Non-refundable,2 GUESTS   2 NIGHTS FROM,$675AUD,2024-02-10,2024-02-12,18482
Deluxe Double Room,Internet Included - Non-refundable,2 GUESTS   2 NIGHTS FROM,$712AUD / 2 nights,2024-02-10,2024-02-12,18482
Deluxe Double Room,Internet Included - Non-refundable,2 GUESTS   2 NIGHTS FROM,$833AUD / 2 nights,2024-02-10,2024-02-12,18482
Deluxe Twin Room,Internet Included - Non-refundable,2 GUESTS   2 NIGHTS FROM,$712AUD,2024-02-10,2024-02-12,18482
Deluxe Twin Room,Internet Included - Non-refundable,2 GUESTS   2 NIGHTS FROM,$752AUD / 2 nights,2024-02-10,2024-02-12,18482
Deluxe Twin Room,Internet Included - Non-refundable,2 GUESTS   2 NIGHTS FROM,$875AUD / 2 nights,2024-02-10,2024-02-12,18482
Club Double Room,Internet Included - Non-refundable,2 GUESTS   2 NIGHTS FROM,$750AUD,2024-02-10,2024-02-12,18482
Club Double Room,Internet Included - Non-refundable,2 GUESTS   2 NIGHTS FROM,$791AUD / 2 nights,2024-02-10,2024-02-12,18482
Club Double Room,Internet Included - Non-refundable,2 GUESTS   2 NIGHTS FROM,$916AUD / 2 nights,2024-02-10,2024-02-12,18482
Club Twin Room,Internet Included - Non-refundable,2 GUESTS   2 NIGHTS FROM,$787AUD,2024-02-10,2024-02-12,18482
Club Twin Room,Internet Included - Non-refundable,2 GUESTS   2 NIGHTS FROM,$831AUD / 2 nights,2024-02-10,2024-02-12,18482
Club Twin Room,Internet Included - Non-refundable,2 GUESTS   2 NIGHTS FROM,$979AUD / 2 nights,2024-02-10,2024-02-12,18482
"Triple Room, 1 Double Bed",Internet Included - Non-refundable,2 GUESTS   2 NIGHTS FROM,$925AUD,2024-02-10,2024-02-12,18482
"Triple Room, 1 Double Bed",Internet Included - Non-refundable,2 GUESTS   2 NIGHTS FROM,$976AUD / 2 nights,2024-02-10,2024-02-12,18482
"Triple Room, 1 Double Bed",Internet Included - Non-refundable,2 GUESTS   2 NIGHTS FROM,"$1,183AUD / 2 nights",2024-02-10,2024-02-12,18482
Double Room (Compact),Internet Included,2 GUESTS   5 NIGHTS FROM,"$1,169AUD",2024-02-04,2024-02-09,18482
Double Room (Compact),Internet Included,2 GUESTS   5 NIGHTS FROM,"$1,207AUD / 5 nights",2024-02-04,2024-02-09,18482
Double Room (Compact),Internet Included,2 GUESTS   5 NIGHTS FROM,"$1,478AUD / 5 nights",2024-02-04,2024-02-09,18482
Deluxe Double Room,Internet Included,2 GUESTS   5 NIGHTS FROM,"$1,216AUD",2024-02-04,2024-02-09,18482
Deluxe Double Room,Internet Included,2 GUESTS   5 NIGHTS FROM,"$1,256AUD / 5 nights",2024-02-04,2024-02-09,18482
Deluxe Double Room,Internet Included,2 GUESTS   5 NIGHTS FROM,"$1,530AUD / 5 nights",2024-02-04,2024-02-09,18482
Deluxe Twin Room,Internet Included,2 GUESTS   5 NIGHTS FROM,"$1,398AUD",2024-02-04,2024-02-09,18482
Deluxe Twin Room,Internet Included,2 GUESTS   5 NIGHTS FROM,"$1,444AUD / 5 nights",2024-02-04,2024-02-09,18482
Deluxe Twin Room,Internet Included,2 GUESTS   5 NIGHTS FROM,"$1,728AUD / 5 nights",2024-02-04,2024-02-09,18482
Club Double Room,Internet Included,2 GUESTS   5 NIGHTS FROM,"$1,494AUD",2024-02-04,2024-02-09,18482
Club Double Room,Internet Included,2 GUESTS   5 NIGHTS FROM,"$1,543AUD / 5 nights",2024-02-04,2024-02-09,18482
Club Double Room,Internet Included,2 GUESTS   5 NIGHTS FROM,"$1,832AUD / 5 nights",2024-02-04,2024-02-09,18482
Club Twin Room,Internet Included,2 GUESTS   5 NIGHTS FROM,"$1,590AUD",2024-02-04,2024-02-09,18482
Club Twin Room,Internet Included,2 GUESTS   5 NIGHTS FROM,"$1,642AUD / 5 nights",2024-02-04,2024-02-09,18482
Club Twin Room,Internet Included,2 GUESTS   5 NIGHTS FROM,"$1,988AUD / 5 nights",2024-02-04,2024-02-09,18482
"Triple Room, 1 Double Bed",Internet Included,2 GUESTS   5 NIGHTS FROM,"$1,941AUD",2024-02-04,2024-02-09,18482
"Triple Room, 1 Double Bed",Internet Included,2 GUESTS   5 NIGHTS FROM,"$2,004AUD / 5 nights",2024-02-04,2024-02-09,18482
"Triple Room, 1 Double Bed",Internet Included,2 GUESTS   5 NIGHTS FROM,"$2,500AUD / 5 nights",2024-02-04,2024-02-09,18482
Double Room (Compact),Internet Included,2 GUESTS   4 NIGHTS FROM,"$1,102AUD",2024-02-02,2024-02-06,18482
Double Room (Compact),Internet Included,2 GUESTS   4 NIGHTS FROM,"$1,138AUD / 4 nights",2024-02-02,2024-02-06,18482
Double Room (Compact),Internet Included,2 GUESTS   4 NIGHTS FROM,"$1,364AUD / 4 nights",2024-02-02,2024-02-06,18482
Deluxe Double Room,Internet Included,2 GUESTS   4 NIGHTS FROM,"$1,140AUD",2024-02-02,2024-02-06,18482
Deluxe Double Room,Internet Included,2 GUESTS   4 NIGHTS FROM,"$1,177AUD / 4 nights",2024-02-02,2024-02-06,18482
Deluxe Double Room,Internet Included,2 GUESTS   4 NIGHTS FROM,"$1,405AUD / 4 nights",2024-02-02,2024-02-06,18482
Deluxe Twin Room,Internet Included,2 GUESTS   4 NIGHTS FROM,"$1,255AUD",2024-02-02,2024-02-06,18482
Deluxe Twin Room,Internet Included,2 GUESTS   4 NIGHTS FROM,"$1,296AUD / 4 nights",2024-02-02,2024-02-06,18482
Deluxe Twin Room,Internet Included,2 GUESTS   4 NIGHTS FROM,"$1,530AUD / 4 nights",2024-02-02,2024-02-06,18482
Club Double Room,Internet Included,2 GUESTS   4 NIGHTS FROM,"$1,331AUD",2024-02-02,2024-02-06,18482
Club Double Room,Internet Included,2 GUESTS   4 NIGHTS FROM,"$1,375AUD / 4 nights",2024-02-02,2024-02-06,18482
Club Double Room,Internet Included,2 GUESTS   4 NIGHTS FROM,"$1,614AUD / 4 nights",2024-02-02,2024-02-06,18482
Club Twin Room,Internet Included,2 GUESTS   4 NIGHTS FROM,"$1,408AUD",2024-02-02,2024-02-06,18482
Club Twin Room,Internet Included,2 GUESTS   4 NIGHTS FROM,"$1,454AUD / 4 nights",2024-02-02,2024-02-06,18482
Club Twin Room,Internet Included,2 GUESTS   4 NIGHTS FROM,"$1,739AUD / 4 nights",2024-02-02,2024-02-06,18482
"Triple Room, 1 Double Bed",Internet Included,2 GUESTS   4 NIGHTS FROM,"$1,689AUD",2024-02-02,2024-02-06,18482
"Triple Room, 1 Double Bed",Internet Included,2 GUESTS   4 NIGHTS FROM,"$1,744AUD / 4 nights",2024-02-02,2024-02-06,18482
"Triple Room, 1 Double Bed",Internet Included,2 GUESTS   4 NIGHTS FROM,"$2,148AUD / 4 nights",2024-02-02,2024-02-06,18482
Double Room (Compact),Internet Included,2 GUESTS   1 NIGHT FROM,$359AUD,2024-01-26,2024-01-27,18482
Double Room (Compact),Internet Included,2 GUESTS   1 NIGHT FROM,$405AUD / 1 night,2024-01-26,2024-01-27,18482
Deluxe Double Room,Internet Included,2 GUESTS   1 NIGHT FROM,$371AUD,2024-01-26,2024-01-27,18482
Deluxe Double Room,Internet Included,2 GUESTS   1 NIGHT FROM,$417AUD / 1 night,2024-01-26,2024-01-27,18482
Club Double Room,Internet Included,2 GUESTS   1 NIGHT FROM,$394AUD,2024-01-26,2024-01-27,18482
Club Double Room,Internet Included,2 GUESTS   1 NIGHT FROM,$440AUD / 1 night,2024-01-26,2024-01-27,18482
Club Twin Room,Internet Included,2 GUESTS   1 NIGHT FROM,$398AUD,2024-01-26,2024-01-27,18482
Club Twin Room,Internet Included,2 GUESTS   1 NIGHT FROM,$455AUD / 1 night,2024-01-26,2024-01-27,18482
"Triple Room, 1 Double Bed",Internet Included,2 GUESTS   1 NIGHT FROM,$483AUD,2024-01-26,2024-01-27,18482
"Triple Room, 1 Double Bed",Internet Included,2 GUESTS   1 NIGHT FROM,$611AUD / 1 night,2024-01-26,2024-01-27,18482
Double Room (Compact),Internet Included - Non-refundable,2 GUESTS   1 NIGHT FROM,$291AUD,2024-02-09,2024-02-10,18482
Double Room (Compact),Internet Included - Non-refundable,2 GUESTS   1 NIGHT FROM,$323AUD / 1 night,2024-02-09,2024-02-10,18482
Double Room (Compact),Internet Included - Non-refundable,2 GUESTS   1 NIGHT FROM,$365AUD / 1 night,2024-02-09,2024-02-10,18482
Deluxe Double Room,Internet Included - Non-refundable,2 GUESTS   1 NIGHT FROM,$300AUD,2024-02-09,2024-02-10,18482
Deluxe Double Room,Internet Included - Non-refundable,2 GUESTS   1 NIGHT FROM,$334AUD / 1 night,2024-02-09,2024-02-10,18482
Deluxe Double Room,Internet Included - Non-refundable,2 GUESTS   1 NIGHT FROM,$375AUD / 1 night,2024-02-09,2024-02-10,18482
Deluxe Twin Room,Internet Included - Non-refundable,2 GUESTS   1 NIGHT FROM,$319AUD,2024-02-09,2024-02-10,18482
Deluxe Twin Room,Internet Included - Non-refundable,2 GUESTS   1 NIGHT FROM,$354AUD / 1 night,2024-02-09,2024-02-10,18482
Deluxe Twin Room,Internet Included - Non-refundable,2 GUESTS   1 NIGHT FROM,$396AUD / 1 night,2024-02-09,2024-02-10,18482
Club Double Room,Internet Included - Non-refundable,2 GUESTS   1 NIGHT FROM,$338AUD,2024-02-09,2024-02-10,18482
Club Double Room,Internet Included - Non-refundable,2 GUESTS   1 NIGHT FROM,$375AUD / 1 night,2024-02-09,2024-02-10,18482
Club Double Room,Internet Included - Non-refundable,2 GUESTS   1 NIGHT FROM,$417AUD / 1 night,2024-02-09,2024-02-10,18482
Club Twin Room,Internet Included - Non-refundable,2 GUESTS   1 NIGHT FROM,$356AUD,2024-02-09,2024-02-10,18482
Club Twin Room,Internet Included - Non-refundable,2 GUESTS   1 NIGHT FROM,$396AUD / 1 night,2024-02-09,2024-02-10,18482
Club Twin Room,Internet Included - Non-refundable,2 GUESTS   1 NIGHT FROM,$448AUD / 1 night,2024-02-09,2024-02-10,18482
"Triple Room, 1 Double Bed",Internet Included - Non-refundable,2 GUESTS   1 NIGHT FROM,$425AUD,2024-02-09,2024-02-10,18482
"Triple Room, 1 Double Bed",Internet Included - Non-refundable,2 GUESTS   1 NIGHT FROM,$435AUD / 1 night,2024-02-09,2024-02-10,18482
"Triple Room, 1 Double Bed",Internet Included - Non-refundable,2 GUESTS   1 NIGHT FROM,$550AUD / 1 night,2024-02-09,2024-02-10,18482
Double Room (Compact),Internet Included - Non-refundable,2 GUESTS   4 NIGHTS FROM,"$1,035AUD",2024-02-24,2024-02-28,18482
Double Room (Compact),Internet Included - Non-refundable,2 GUESTS   4 NIGHTS FROM,"$1,082AUD / 4 nights",2024-02-24,2024-02-28,18482
Double Room (Compact),Internet Included - Non-refundable,2 GUESTS   4 NIGHTS FROM,"$1,343AUD / 4 nights",2024-02-24,2024-02-28,18482
Deluxe Double Room,Internet Included - Non-refundable,2 GUESTS   4 NIGHTS FROM,"$1,072AUD",2024-02-24,2024-02-28,18482
Deluxe Double Room,Internet Included - Non-refundable,2 GUESTS   4 NIGHTS FROM,"$1,121AUD / 4 nights",2024-02-24,2024-02-28,18482
Deluxe Double Room,Internet Included - Non-refundable,2 GUESTS   4 NIGHTS FROM,"$1,385AUD / 4 nights",2024-02-24,2024-02-28,18482
Deluxe Twin Room,Internet Included - Non-refundable,2 GUESTS   4 NIGHTS FROM,"$1,191AUD",2024-02-24,2024-02-28,18482
Deluxe Twin Room,Internet Included - Non-refundable,2 GUESTS   4 NIGHTS FROM,"$1,245AUD / 4 nights",2024-02-24,2024-02-28,18482
Deluxe Twin Room,Internet Included - Non-refundable,2 GUESTS   4 NIGHTS FROM,"$1,520AUD / 4 nights",2024-02-24,2024-02-28,18482
Club Double Room,Internet Included - Non-refundable,2 GUESTS   4 NIGHTS FROM,"$1,264AUD",2024-02-24,2024-02-28,18482
Club Double Room,Internet Included - Non-refundable,2 GUESTS   4 NIGHTS FROM,"$1,322AUD / 4 nights",2024-02-24,2024-02-28,18482
Club Double Room,Internet Included - Non-refundable,2 GUESTS   4 NIGHTS FROM,"$1,603AUD / 4 nights",2024-02-24,2024-02-28,18482
Club Twin Room,Internet Included - Non-refundable,2 GUESTS   4 NIGHTS FROM,"$1,338AUD",2024-02-24,2024-02-28,18482
Club Twin Room,Internet Included - Non-refundable,2 GUESTS   4 NIGHTS FROM,"$1,398AUD / 4 nights",2024-02-24,2024-02-28,18482
Club Twin Room,Internet Included - Non-refundable,2 GUESTS   4 NIGHTS FROM,"$1,728AUD / 4 nights",2024-02-24,2024-02-28,18482
"Triple Room, 1 Double Bed",Internet Included - Non-refundable,2 GUESTS   4 NIGHTS FROM,"$1,606AUD",2024-02-24,2024-02-28,18482
"Triple Room, 1 Double Bed",Internet Included - Non-refundable,2 GUESTS   4 NIGHTS FROM,"$1,679AUD / 4 nights",2024-02-24,2024-02-28,18482
"Triple Room, 1 Double Bed",Internet Included - Non-refundable,2 GUESTS   4 NIGHTS FROM,"$2,137AUD / 4 nights",2024-02-24,2024-02-28,18482
Double Room (Compact),Internet Included - Non-refundable,2 GUESTS   5 NIGHTS FROM,"$1,527AUD",2024-02-10,2024-02-15,18482
Double Room (Compact),Internet Included - Non-refundable,2 GUESTS   5 NIGHTS FROM,"$1,561AUD / 5 nights",2024-02-10,2024-02-15,18482
Double Room (Compact),Internet Included - Non-refundable,2 GUESTS   5 NIGHTS FROM,"$1,905AUD / 5 nights",2024-02-10,2024-02-15,18482
Deluxe Double Room,Internet Included - Non-refundable,2 GUESTS   5 NIGHTS FROM,"$1,574AUD",2024-02-10,2024-02-15,18482
Deluxe Double Room,Internet Included - Non-refundable,2 GUESTS   5 NIGHTS FROM,"$1,609AUD / 5 nights",2024-02-10,2024-02-15,18482
Deluxe Double Room,Internet Included - Non-refundable,2 GUESTS   5 NIGHTS FROM,"$1,957AUD / 5 nights",2024-02-10,2024-02-15,18482
Deluxe Twin Room,Internet Included - Non-refundable,2 GUESTS   5 NIGHTS FROM,"$1,668AUD",2024-02-10,2024-02-15,18482
Deluxe Twin Room,Internet Included - Non-refundable,2 GUESTS   5 NIGHTS FROM,"$1,705AUD / 5 nights",2024-02-10,2024-02-15,18482
Deluxe Twin Room,Internet Included - Non-refundable,2 GUESTS   5 NIGHTS FROM,"$2,061AUD / 5 nights",2024-02-10,2024-02-15,18482
Club Double Room,Internet Included - Non-refundable,2 GUESTS   5 NIGHTS FROM,"$1,761AUD",2024-02-10,2024-02-15,18482
Club Double Room,Internet Included - Non-refundable,2 GUESTS   5 NIGHTS FROM,"$1,801AUD / 5 nights",2024-02-10,2024-02-15,18482
Club Double Room,Internet Included - Non-refundable,2 GUESTS   5 NIGHTS FROM,"$2,165AUD / 5 nights",2024-02-10,2024-02-15,18482
Club Twin Room,Internet Included - Non-refundable,2 GUESTS   5 NIGHTS FROM,"$1,855AUD",2024-02-10,2024-02-15,18482
Club Twin Room,Internet Included - Non-refundable,2 GUESTS   5 NIGHTS FROM,"$1,896AUD / 5 nights",2024-02-10,2024-02-15,18482
Club Twin Room,Internet Included - Non-refundable,2 GUESTS   5 NIGHTS FROM,"$2,321AUD / 5 nights",2024-02-10,2024-02-15,18482
"Triple Room, 1 Double Bed",Internet Included - Non-refundable,2 GUESTS   5 NIGHTS FROM,"$2,198AUD",2024-02-10,2024-02-15,18482
"Triple Room, 1 Double Bed",Internet Included - Non-refundable,2 GUESTS   5 NIGHTS FROM,"$2,247AUD / 5 nights",2024-02-10,2024-02-15,18482
"Triple Room, 1 Double Bed",Internet Included - Non-refundable,2 GUESTS   5 NIGHTS FROM,"$2,833AUD / 5 nights",2024-02-10,2024-02-15,18482
Double Room (Compact),Internet Included - Non-refundable,2 GUESTS   4 NIGHTS FROM,"$1,143AUD",2024-02-12,2024-02-16,18482
Double Room (Compact),Internet Included - Non-refundable,2 GUESTS   4 NIGHTS FROM,"$1,169AUD / 4 nights",2024-02-12,2024-02-16,18482
Double Room (Compact),Internet Included - Non-refundable,2 GUESTS   4 NIGHTS FROM,"$1,437AUD / 4 nights",2024-02-12,2024-02-16,18482
Deluxe Double Room,Internet Included - Non-refundable,2 GUESTS   4 NIGHTS FROM,"$1,181AUD",2024-02-12,2024-02-16,18482
Deluxe Double Room,Internet Included - Non-refundable,2 GUESTS   4 NIGHTS FROM,"$1,207AUD / 4 nights",2024-02-12,2024-02-16,18482
Deluxe Double Room,Internet Included - Non-refundable,2 GUESTS   4 NIGHTS FROM,"$1,478AUD / 4 nights",2024-02-12,2024-02-16,18482
Deluxe Twin Room,Internet Included - Non-refundable,2 GUESTS   4 NIGHTS FROM,"$1,256AUD",2024-02-12,2024-02-16,18482
Deluxe Twin Room,Internet Included - Non-refundable,2 GUESTS   4 NIGHTS FROM,"$1,284AUD / 4 nights",2024-02-12,2024-02-16,18482
Deluxe Twin Room,Internet Included - Non-refundable,2 GUESTS   4 NIGHTS FROM,"$1,562AUD / 4 nights",2024-02-12,2024-02-16,18482
Club Double Room,Internet Included - Non-refundable,2 GUESTS   4 NIGHTS FROM,"$1,331AUD",2024-02-12,2024-02-16,18482
Club Double Room,Internet Included - Non-refundable,2 GUESTS   4 NIGHTS FROM,"$1,360AUD / 4 nights",2024-02-12,2024-02-16,18482
Club Double Room,Internet Included - Non-refundable,2 GUESTS   4 NIGHTS FROM,"$1,645AUD / 4 nights",2024-02-12,2024-02-16,18482
Club Twin Room,Internet Included - Non-refundable,2 GUESTS   4 NIGHTS FROM,"$1,405AUD",2024-02-12,2024-02-16,18482
Club Twin Room,Internet Included - Non-refundable,2 GUESTS   4 NIGHTS FROM,"$1,437AUD / 4 nights",2024-02-12,2024-02-16,18482
Club Twin Room,Internet Included - Non-refundable,2 GUESTS   4 NIGHTS FROM,"$1,770AUD / 4 nights",2024-02-12,2024-02-16,18482
"Triple Room, 1 Double Bed",Internet Included - Non-refundable,2 GUESTS   4 NIGHTS FROM,"$1,680AUD",2024-02-12,2024-02-16,18482
"Triple Room, 1 Double Bed",Internet Included - Non-refundable,2 GUESTS   4 NIGHTS FROM,"$1,718AUD / 4 nights",2024-02-12,2024-02-16,18482
"Triple Room, 1 Double Bed",Internet Included - Non-refundable,2 GUESTS   4 NIGHTS FROM,"$2,179AUD / 4 nights",2024-02-12,2024-02-16,18482
Double Room (Compact),Internet Included,2 GUESTS   4 NIGHTS FROM,$681AUD,2024-01-28,2024-02-01,18482
Double Room (Compact),Internet Included,2 GUESTS   4 NIGHTS FROM,$896AUD / 4 nights,2024-01-28,2024-02-01,18482
Deluxe Double Room,Internet Included,2 GUESTS   4 NIGHTS FROM,$710AUD,2024-01-28,2024-02-01,18482
Deluxe Double Room,Internet Included,2 GUESTS   4 NIGHTS FROM,$937AUD / 4 nights,2024-01-28,2024-02-01,18482
Deluxe Twin Room,Internet Included,2 GUESTS   4 NIGHTS FROM,$747AUD,2024-01-28,2024-02-01,18482
Deluxe Twin Room,Internet Included,2 GUESTS   4 NIGHTS FROM,$979AUD / 4 nights,2024-01-28,2024-02-01,18482
Club Double Room,Internet Included,2 GUESTS   4 NIGHTS FROM,$786AUD,2024-01-28,2024-02-01,18482
Club Double Room,Internet Included,2 GUESTS   4 NIGHTS FROM,"$1,020AUD / 4 nights",2024-01-28,2024-02-01,18482
Club Twin Room,Internet Included,2 GUESTS   4 NIGHTS FROM,$798AUD,2024-01-28,2024-02-01,18482
Club Twin Room,Internet Included,2 GUESTS   4 NIGHTS FROM,"$1,076AUD / 4 nights",2024-01-28,2024-02-01,18482
"Triple Room, 1 Double Bed",Internet Included,2 GUESTS   4 NIGHTS FROM,"$1,181AUD",2024-01-28,2024-02-01,18482
"Triple Room, 1 Double Bed",Internet Included,2 GUESTS   4 NIGHTS FROM,"$1,596AUD / 4 nights",2024-01-28,2024-02-01,18482
Double Room (Compact),Internet Included - Non-refundable,2 GUESTS   3 NIGHTS FROM,$871AUD,2024-02-14,2024-02-17,18482
Double Room (Compact),Internet Included - Non-refundable,2 GUESTS   3 NIGHTS FROM,$910AUD / 3 nights,2024-02-14,2024-02-17,18482
Double Room (Compact),Internet Included - Non-refundable,2 GUESTS   3 NIGHTS FROM,"$1,114AUD / 3 nights",2024-02-14,2024-02-17,18482
Deluxe Double Room,Internet Included - Non-refundable,2 GUESTS   3 NIGHTS FROM,$898AUD,2024-02-14,2024-02-17,18482
Deluxe Double Room,Internet Included - Non-refundable,2 GUESTS   3 NIGHTS FROM,$939AUD / 3 nights,2024-02-14,2024-02-17,18482
Deluxe Double Room,Internet Included - Non-refundable,2 GUESTS   3 NIGHTS FROM,"$1,145AUD / 3 nights",2024-02-14,2024-02-17,18482
Deluxe Twin Room,Internet Included - Non-refundable,2 GUESTS   3 NIGHTS FROM,$953AUD,2024-02-14,2024-02-17,18482
Deluxe Twin Room,Internet Included - Non-refundable,2 GUESTS   3 NIGHTS FROM,$996AUD / 3 nights,2024-02-14,2024-02-17,18482
Deluxe Twin Room,Internet Included - Non-refundable,2 GUESTS   3 NIGHTS FROM,"$1,208AUD / 3 nights",2024-02-14,2024-02-17,18482
Club Double Room,Internet Included - Non-refundable,2 GUESTS   3 NIGHTS FROM,"$1,008AUD",2024-02-14,2024-02-17,18482
Club Double Room,Internet Included - Non-refundable,2 GUESTS   3 NIGHTS FROM,"$1,054AUD / 3 nights",2024-02-14,2024-02-17,18482
Club Double Room,Internet Included - Non-refundable,2 GUESTS   3 NIGHTS FROM,"$1,270AUD / 3 nights",2024-02-14,2024-02-17,18482
Club Twin Room,Internet Included - Non-refundable,2 GUESTS   3 NIGHTS FROM,"$1,063AUD",2024-02-14,2024-02-17,18482
Club Twin Room,Internet Included - Non-refundable,2 GUESTS   3 NIGHTS FROM,"$1,111AUD / 3 nights",2024-02-14,2024-02-17,18482
Club Twin Room,Internet Included - Non-refundable,2 GUESTS   3 NIGHTS FROM,"$1,364AUD / 3 nights",2024-02-14,2024-02-17,18482
"Triple Room, 1 Double Bed",Internet Included - Non-refundable,2 GUESTS   3 NIGHTS FROM,"$1,264AUD",2024-02-14,2024-02-17,18482
"Triple Room, 1 Double Bed",Internet Included - Non-refundable,2 GUESTS   3 NIGHTS FROM,"$1,322AUD / 3 nights",2024-02-14,2024-02-17,18482
"Triple Room, 1 Double Bed",Internet Included - Non-refundable,2 GUESTS   3 NIGHTS FROM,"$1,671AUD / 3 nights",2024-02-14,2024-02-17,18482
Double Room (Compact),Internet Included,2 GUESTS   3 NIGHTS FROM,$766AUD,2024-02-05,2024-02-08,18482
Double Room (Compact),Internet Included,2 GUESTS   3 NIGHTS FROM,$791AUD / 3 nights,2024-02-05,2024-02-08,18482
Double Room (Compact),Internet Included,2 GUESTS   3 NIGHTS FROM,$958AUD / 3 nights,2024-02-05,2024-02-08,18482
Deluxe Double Room,Internet Included,2 GUESTS   3 NIGHTS FROM,$795AUD,2024-02-05,2024-02-08,18482
Deluxe Double Room,Internet Included,2 GUESTS   3 NIGHTS FROM,$821AUD / 3 nights,2024-02-05,2024-02-08,18482
Deluxe Double Room,Internet Included,2 GUESTS   3 NIGHTS FROM,$989AUD / 3 nights,2024-02-05,2024-02-08,18482
Deluxe Twin Room,Internet Included,2 GUESTS   3 NIGHTS FROM,$881AUD,2024-02-05,2024-02-08,18482
Deluxe Twin Room,Internet Included,2 GUESTS   3 NIGHTS FROM,$910AUD / 3 nights,2024-02-05,2024-02-08,18482
Deluxe Twin Room,Internet Included,2 GUESTS   3 NIGHTS FROM,"$1,083AUD / 3 nights",2024-02-05,2024-02-08,18482
Club Double Room,Internet Included,2 GUESTS   3 NIGHTS FROM,$939AUD,2024-02-05,2024-02-08,18482
Club Double Room,Internet Included,2 GUESTS   3 NIGHTS FROM,$969AUD / 3 nights,2024-02-05,2024-02-08,18482
Club Double Room,Internet Included,2 GUESTS   3 NIGHTS FROM,"$1,145AUD / 3 nights",2024-02-05,2024-02-08,18482
Club Twin Room,Internet Included,2 GUESTS   3 NIGHTS FROM,$996AUD,2024-02-05,2024-02-08,18482
Club Twin Room,Internet Included,2 GUESTS   3 NIGHTS FROM,"$1,029AUD / 3 nights",2024-02-05,2024-02-08,18482
Club Twin Room,Internet Included,2 GUESTS   3 NIGHTS FROM,"$1,239AUD / 3 nights",2024-02-05,2024-02-08,18482
"Triple Room, 1 Double Bed",Internet Included,2 GUESTS   3 NIGHTS FROM,"$1,207AUD",2024-02-05,2024-02-08,18482
"Triple Room, 1 Double Bed",Internet Included,2 GUESTS   3 NIGHTS FROM,"$1,246AUD / 3 nights",2024-02-05,2024-02-08,18482
"Triple Room, 1 Double Bed",Internet Included,2 GUESTS   3 NIGHTS FROM,"$1,546AUD / 3 nights",2024-02-05,2024-02-08,18482
Double Room (Compact),Internet Included - Non-refundable,2 GUESTS   4 NIGHTS FROM,"$1,182AUD",2024-02-21,2024-02-25,18482
Double Room (Compact),Internet Included - Non-refundable,2 GUESTS   4 NIGHTS FROM,"$1,236AUD / 4 nights",2024-02-21,2024-02-25,18482
Double Room (Compact),Internet Included - Non-refundable,2 GUESTS   4 NIGHTS FROM,"$1,510AUD / 4 nights",2024-02-21,2024-02-25,18482
Deluxe Double Room,Internet Included - Non-refundable,2 GUESTS   4 NIGHTS FROM,"$1,219AUD",2024-02-21,2024-02-25,18482
Deluxe Double Room,Internet Included - Non-refundable,2 GUESTS   4 NIGHTS FROM,"$1,274AUD / 4 nights",2024-02-21,2024-02-25,18482
Deluxe Double Room,Internet Included - Non-refundable,2 GUESTS   4 NIGHTS FROM,"$1,551AUD / 4 nights",2024-02-21,2024-02-25,18482
Deluxe Twin Room,Internet Included - Non-refundable,2 GUESTS   4 NIGHTS FROM,"$1,319AUD",2024-02-21,2024-02-25,18482
Deluxe Twin Room,Internet Included - Non-refundable,2 GUESTS   4 NIGHTS FROM,"$1,379AUD / 4 nights",2024-02-21,2024-02-25,18482
Deluxe Twin Room,Internet Included - Non-refundable,2 GUESTS   4 NIGHTS FROM,"$1,666AUD / 4 nights",2024-02-21,2024-02-25,18482
Club Double Room,Internet Included - Non-refundable,2 GUESTS   4 NIGHTS FROM,"$1,393AUD",2024-02-21,2024-02-25,18482
Club Double Room,Internet Included - Non-refundable,2 GUESTS   4 NIGHTS FROM,"$1,456AUD / 4 nights",2024-02-21,2024-02-25,18482
Club Double Room,Internet Included - Non-refundable,2 GUESTS   4 NIGHTS FROM,"$1,749AUD / 4 nights",2024-02-21,2024-02-25,18482
Club Twin Room,Internet Included - Non-refundable,2 GUESTS   4 NIGHTS FROM,"$1,466AUD",2024-02-21,2024-02-25,18482
Club Twin Room,Internet Included - Non-refundable,2 GUESTS   4 NIGHTS FROM,"$1,532AUD / 4 nights",2024-02-21,2024-02-25,18482
Club Twin Room,Internet Included - Non-refundable,2 GUESTS   4 NIGHTS FROM,"$1,874AUD / 4 nights",2024-02-21,2024-02-25,18482
Double Room (Compact),Internet Included,2 GUESTS   1 NIGHT FROM,$197AUD,2024-01-29,2024-01-30,18482
Double Room (Compact),Internet Included,2 GUESTS   1 NIGHT FROM,$243AUD / 1 night,2024-01-29,2024-01-30,18482
Deluxe Double Room,Internet Included,2 GUESTS   1 NIGHT FROM,$209AUD,2024-01-29,2024-01-30,18482
Deluxe Double Room,Internet Included,2 GUESTS   1 NIGHT FROM,$255AUD / 1 night,2024-01-29,2024-01-30,18482
Deluxe Twin Room,Internet Included,2 GUESTS   1 NIGHT FROM,$220AUD,2024-01-29,2024-01-30,18482
Deluxe Twin Room,Internet Included,2 GUESTS   1 NIGHT FROM,$266AUD / 1 night,2024-01-29,2024-01-30,18482
Club Double Room,Internet Included,2 GUESTS   1 NIGHT FROM,$232AUD,2024-01-29,2024-01-30,18482
Club Double Room,Internet Included,2 GUESTS   1 NIGHT FROM,$278AUD / 1 night,2024-01-29,2024-01-30,18482
Club Twin Room,Internet Included,2 GUESTS   1 NIGHT FROM,$236AUD,2024-01-29,2024-01-30,18482
Club Twin Room,Internet Included,2 GUESTS   1 NIGHT FROM,$293AUD / 1 night,2024-01-29,2024-01-30,18482
"Triple Room, 1 Double Bed",Internet Included,2 GUESTS   1 NIGHT FROM,$298AUD,2024-01-29,2024-01-30,18482
"Triple Room, 1 Double Bed",Internet Included,2 GUESTS   1 NIGHT FROM,$411AUD / 1 night,2024-01-29,2024-01-30,18482
Double Room (Compact),Internet Included - Non-refundable,2 GUESTS   2 NIGHTS FROM,$581AUD,2024-02-13,2024-02-15,18482
Double Room (Compact),Internet Included - Non-refundable,2 GUESTS   2 NIGHTS FROM,$613AUD / 2 nights,2024-02-13,2024-02-15,18482
Double Room (Compact),Internet Included - Non-refundable,2 GUESTS   2 NIGHTS FROM,$729AUD / 2 nights,2024-02-13,2024-02-15,18482
Deluxe Double Room,Internet Included - Non-refundable,2 GUESTS   2 NIGHTS FROM,$600AUD,2024-02-13,2024-02-15,18482
Deluxe Double Room,Internet Included - Non-refundable,2 GUESTS   2 NIGHTS FROM,$633AUD / 2 nights,2024-02-13,2024-02-15,18482
Deluxe Double Room,Internet Included - Non-refundable,2 GUESTS   2 NIGHTS FROM,$750AUD / 2 nights,2024-02-13,2024-02-15,18482
Deluxe Twin Room,Internet Included - Non-refundable,2 GUESTS   2 NIGHTS FROM,$637AUD,2024-02-13,2024-02-15,18482
Deluxe Twin Room,Internet Included - Non-refundable,2 GUESTS   2 NIGHTS FROM,$673AUD / 2 nights,2024-02-13,2024-02-15,18482
Deluxe Twin Room,Internet Included - Non-refundable,2 GUESTS   2 NIGHTS FROM,$791AUD / 2 nights,2024-02-13,2024-02-15,18482
Club Double Room,Internet Included - Non-refundable,2 GUESTS   2 NIGHTS FROM,$675AUD,2024-02-13,2024-02-15,18482
Club Double Room,Internet Included - Non-refundable,2 GUESTS   2 NIGHTS FROM,$712AUD / 2 nights,2024-02-13,2024-02-15,18482
Club Double Room,Internet Included - Non-refundable,2 GUESTS   2 NIGHTS FROM,$833AUD / 2 nights,2024-02-13,2024-02-15,18482
Club Twin Room,Internet Included - Non-refundable,2 GUESTS   2 NIGHTS FROM,$712AUD,2024-02-13,2024-02-15,18482
Club Twin Room,Internet Included - Non-refundable,2 GUESTS   2 NIGHTS FROM,$752AUD / 2 nights,2024-02-13,2024-02-15,18482
Club Twin Room,Internet Included - Non-refundable,2 GUESTS   2 NIGHTS FROM,$896AUD / 2 nights,2024-02-13,2024-02-15,18482
"Triple Room, 1 Double Bed",Internet Included - Non-refundable,2 GUESTS   2 NIGHTS FROM,$850AUD,2024-02-13,2024-02-15,18482
"Triple Room, 1 Double Bed",Internet Included - Non-refundable,2 GUESTS   2 NIGHTS FROM,$869AUD / 2 nights,2024-02-13,2024-02-15,18482
"Triple Room, 1 Double Bed",Internet Included - Non-refundable,2 GUESTS   2 NIGHTS FROM,"$1,100AUD / 2 nights",2024-02-13,2024-02-15,18482
Double Room (Compact),Internet Included - Non-refundable,2 GUESTS   5 NIGHTS FROM,"$1,310AUD",2024-02-15,2024-02-20,18482
Double Room (Compact),Internet Included - Non-refundable,2 GUESTS   5 NIGHTS FROM,"$1,370AUD / 5 nights",2024-02-15,2024-02-20,18482
Double Room (Compact),Internet Included - Non-refundable,2 GUESTS   5 NIGHTS FROM,"$1,697AUD / 5 nights",2024-02-15,2024-02-20,18482
Deluxe Double Room,Internet Included - Non-refundable,2 GUESTS   5 NIGHTS FROM,"$1,356AUD",2024-02-15,2024-02-20,18482
Deluxe Double Room,Internet Included - Non-refundable,2 GUESTS   5 NIGHTS FROM,"$1,418AUD / 5 nights",2024-02-15,2024-02-20,18482
Deluxe Double Room,Internet Included - Non-refundable,2 GUESTS   5 NIGHTS FROM,"$1,749AUD / 5 nights",2024-02-15,2024-02-20,18482
Deluxe Twin Room,Internet Included - Non-refundable,2 GUESTS   5 NIGHTS FROM,"$1,502AUD",2024-02-15,2024-02-20,18482
Deluxe Twin Room,Internet Included - Non-refundable,2 GUESTS   5 NIGHTS FROM,"$1,571AUD / 5 nights",2024-02-15,2024-02-20,18482
Deluxe Twin Room,Internet Included - Non-refundable,2 GUESTS   5 NIGHTS FROM,"$1,915AUD / 5 nights",2024-02-15,2024-02-20,18482
Club Double Room,Internet Included - Non-refundable,2 GUESTS   5 NIGHTS FROM,"$1,594AUD",2024-02-15,2024-02-20,18482
Club Double Room,Internet Included - Non-refundable,2 GUESTS   5 NIGHTS FROM,"$1,667AUD / 5 nights",2024-02-15,2024-02-20,18482
Club Double Room,Internet Included - Non-refundable,2 GUESTS   5 NIGHTS FROM,"$2,019AUD / 5 nights",2024-02-15,2024-02-20,18482
Club Twin Room,Internet Included - Non-refundable,2 GUESTS   5 NIGHTS FROM,"$1,686AUD",2024-02-15,2024-02-20,18482
Club Twin Room,Internet Included - Non-refundable,2 GUESTS   5 NIGHTS FROM,"$1,762AUD / 5 nights",2024-02-15,2024-02-20,18482
Club Twin Room,Internet Included - Non-refundable,2 GUESTS   5 NIGHTS FROM,"$2,176AUD / 5 nights",2024-02-15,2024-02-20,18482
"Triple Room, 1 Double Bed",Internet Included - Non-refundable,2 GUESTS   5 NIGHTS FROM,"$2,021AUD",2024-02-15,2024-02-20,18482
"Triple Room, 1 Double Bed",Internet Included - Non-refundable,2 GUESTS   5 NIGHTS FROM,"$2,113AUD / 5 nights",2024-02-15,2024-02-20,18482
"Triple Room, 1 Double Bed",Internet Included - Non-refundable,2 GUESTS   5 NIGHTS FROM,"$2,687AUD / 5 nights",2024-02-15,2024-02-20,18482
Double Room (Compact),Internet Included,2 GUESTS   2 NIGHTS FROM,$597AUD,2024-02-03,2024-02-05,18482
Double Room (Compact),Internet Included,2 GUESTS   2 NIGHTS FROM,$649AUD / 2 nights,2024-02-03,2024-02-05,18482
Double Room (Compact),Internet Included,2 GUESTS   2 NIGHTS FROM,$775AUD / 2 nights,2024-02-03,2024-02-05,18482
Deluxe Double Room,Internet Included,2 GUESTS   2 NIGHTS FROM,$617AUD,2024-02-03,2024-02-05,18482
Deluxe Double Room,Internet Included,2 GUESTS   2 NIGHTS FROM,$671AUD / 2 nights,2024-02-03,2024-02-05,18482
Deluxe Double Room,Internet Included,2 GUESTS   2 NIGHTS FROM,$735AUD / 2 nights,2024-02-03,2024-02-05,18482
Deluxe Twin Room,Internet Included,2 GUESTS   2 NIGHTS FROM,$668AUD,2024-02-03,2024-02-05,18482
Deluxe Twin Room,Internet Included,2 GUESTS   2 NIGHTS FROM,$726AUD / 2 nights,2024-02-03,2024-02-05,18482
Deluxe Twin Room,Internet Included,2 GUESTS   2 NIGHTS FROM,$788AUD / 2 nights,2024-02-03,2024-02-05,18482
Club Double Room,Internet Included,2 GUESTS   2 NIGHTS FROM,$708AUD,2024-02-03,2024-02-05,18482
Club Double Room,Internet Included,2 GUESTS   2 NIGHTS FROM,$769AUD / 2 nights,2024-02-03,2024-02-05,18482
Club Double Room,Internet Included,2 GUESTS   2 NIGHTS FROM,$830AUD / 2 nights,2024-02-03,2024-02-05,18482
Club Twin Room,Internet Included,2 GUESTS   2 NIGHTS FROM,$748AUD,2024-02-03,2024-02-05,18482
Club Twin Room,Internet Included,2 GUESTS   2 NIGHTS FROM,$813AUD / 2 nights,2024-02-03,2024-02-05,18482
Club Twin Room,Internet Included,2 GUESTS   2 NIGHTS FROM,$894AUD / 2 nights,2024-02-03,2024-02-05,18482
"Triple Room, 1 Double Bed",Internet Included,2 GUESTS   2 NIGHTS FROM,$868AUD,2024-02-03,2024-02-05,18482
"Triple Room, 1 Double Bed",Internet Included,2 GUESTS   2 NIGHTS FROM,$975AUD / 2 nights,2024-02-03,2024-02-05,18482
"Triple Room, 1 Double Bed",Internet Included,2 GUESTS   2 NIGHTS FROM,"$1,199AUD / 2 nights",2024-02-03,2024-02-05,18482
Double Room (Compact),Internet Included,2 GUESTS   2 NIGHTS FROM,$359AUD,2024-01-28,2024-01-30,18482
Double Room (Compact),Internet Included,2 GUESTS   2 NIGHTS FROM,$463AUD / 2 nights,2024-01-28,2024-01-30,18482
Deluxe Double Room,Internet Included,2 GUESTS   2 NIGHTS FROM,$374AUD,2024-01-28,2024-01-30,18482
Deluxe Double Room,Internet Included,2 GUESTS   2 NIGHTS FROM,$486AUD / 2 nights,2024-01-28,2024-01-30,18482
Deluxe Twin Room,Internet Included,2 GUESTS   2 NIGHTS FROM,$396AUD,2024-01-28,2024-01-30,18482
Deluxe Twin Room,Internet Included,2 GUESTS   2 NIGHTS FROM,$509AUD / 2 nights,2024-01-28,2024-01-30,18482
Club Double Room,Internet Included,2 GUESTS   2 NIGHTS FROM,$418AUD,2024-01-28,2024-01-30,18482
Club Double Room,Internet Included,2 GUESTS   2 NIGHTS FROM,$532AUD / 2 nights,2024-01-28,2024-01-30,18482
Club Twin Room,Internet Included,2 GUESTS   2 NIGHTS FROM,$425AUD,2024-01-28,2024-01-30,18482
Club Twin Room,Internet Included,2 GUESTS   2 NIGHTS FROM,$563AUD / 2 nights,2024-01-28,2024-01-30,18482
"Triple Room, 1 Double Bed",Internet Included,2 GUESTS   2 NIGHTS FROM,$674AUD,2024-01-28,2024-01-30,18482
"Triple Room, 1 Double Bed",Internet Included,2 GUESTS   2 NIGHTS FROM,$906AUD / 2 nights,2024-01-28,2024-01-30,18482
Double Room (Compact),Internet Included,2 GUESTS   1 NIGHT FROM,$359AUD,2024-01-26,2024-01-27,18482
Double Room (Compact),Internet Included,2 GUESTS   1 NIGHT FROM,$405AUD / 1 night,2024-01-26,2024-01-27,18482
Deluxe Double Room,Internet Included,2 GUESTS   1 NIGHT FROM,$371AUD,2024-01-26,2024-01-27,18482
Deluxe Double Room,Internet Included,2 GUESTS   1 NIGHT FROM,$417AUD / 1 night,2024-01-26,2024-01-27,18482
Club Double Room,Internet Included,2 GUESTS   1 NIGHT FROM,$394AUD,2024-01-26,2024-01-27,18482
Club Double Room,Internet Included,2 GUESTS   1 NIGHT FROM,$440AUD / 1 night,2024-01-26,2024-01-27,18482
Club Twin Room,Internet Included,2 GUESTS   1 NIGHT FROM,$398AUD,2024-01-26,2024-01-27,18482
Club Twin Room,Internet Included,2 GUESTS   1 NIGHT FROM,$455AUD / 1 night,2024-01-26,2024-01-27,18482
"Triple Room, 1 Double Bed",Internet Included,2 GUESTS   1 NIGHT FROM,$483AUD,2024-01-26,2024-01-27,18482
"Triple Room, 1 Double Bed",Internet Included,2 GUESTS   1 NIGHT FROM,$611AUD / 1 night,2024-01-26,2024-01-27,18482
Double Room (Compact),Internet Included,2 GUESTS   3 NIGHTS FROM,$719AUD,2024-01-31,2024-02-03,18482
Double Room (Compact),Internet Included,2 GUESTS   3 NIGHTS FROM,$742AUD / 3 nights,2024-01-31,2024-02-03,18482
Double Room (Compact),Internet Included,2 GUESTS   3 NIGHTS FROM,$906AUD / 3 nights,2024-01-31,2024-02-03,18482
Deluxe Double Room,Internet Included,2 GUESTS   3 NIGHTS FROM,$747AUD,2024-01-31,2024-02-03,18482
Deluxe Double Room,Internet Included,2 GUESTS   3 NIGHTS FROM,$772AUD / 3 nights,2024-01-31,2024-02-03,18482
Deluxe Double Room,Internet Included,2 GUESTS   3 NIGHTS FROM,$937AUD / 3 nights,2024-01-31,2024-02-03,18482
Deluxe Twin Room,Internet Included,2 GUESTS   3 NIGHTS FROM,$786AUD,2024-01-31,2024-02-03,18482
Deluxe Twin Room,Internet Included,2 GUESTS   3 NIGHTS FROM,$811AUD / 3 nights,2024-01-31,2024-02-03,18482
Deluxe Twin Room,Internet Included,2 GUESTS   3 NIGHTS FROM,$979AUD / 3 nights,2024-01-31,2024-02-03,18482
Club Double Room,Internet Included,2 GUESTS   3 NIGHTS FROM,$824AUD,2024-01-31,2024-02-03,18482
Club Double Room,Internet Included,2 GUESTS   3 NIGHTS FROM,$851AUD / 3 nights,2024-01-31,2024-02-03,18482
Club Double Room,Internet Included,2 GUESTS   3 NIGHTS FROM,"$1,020AUD / 3 nights",2024-01-31,2024-02-03,18482
Club Twin Room,Internet Included,2 GUESTS   3 NIGHTS FROM,$849AUD,2024-01-31,2024-02-03,18482
Club Twin Room,Internet Included,2 GUESTS   3 NIGHTS FROM,$877AUD / 3 nights,2024-01-31,2024-02-03,18482
Club Twin Room,Internet Included,2 GUESTS   3 NIGHTS FROM,"$1,079AUD / 3 nights",2024-01-31,2024-02-03,18482
"Triple Room, 1 Double Bed",Internet Included,2 GUESTS   3 NIGHTS FROM,"$1,066AUD",2024-01-31,2024-02-03,18482
"Triple Room, 1 Double Bed",Internet Included,2 GUESTS   3 NIGHTS FROM,"$1,101AUD / 3 nights",2024-01-31,2024-02-03,18482
"Triple Room, 1 Double Bed",Internet Included,2 GUESTS   3 NIGHTS FROM,"$1,393AUD / 3 nights",2024-01-31,2024-02-03,18482
Double Room (Compact),Internet Included,2 GUESTS   4 NIGHTS FROM,"$1,063AUD",2024-02-03,2024-02-07,18482
Double Room (Compact),Internet Included,2 GUESTS   4 NIGHTS FROM,"$1,098AUD / 4 nights",2024-02-03,2024-02-07,18482
Double Room (Compact),Internet Included,2 GUESTS   4 NIGHTS FROM,"$1,322AUD / 4 nights",2024-02-03,2024-02-07,18482
Deluxe Double Room,Internet Included,2 GUESTS   4 NIGHTS FROM,"$1,102AUD",2024-02-03,2024-02-07,18482
Deluxe Double Room,Internet Included,2 GUESTS   4 NIGHTS FROM,"$1,137AUD / 4 nights",2024-02-03,2024-02-07,18482
Deluxe Double Room,Internet Included,2 GUESTS   4 NIGHTS FROM,"$1,364AUD / 4 nights",2024-02-03,2024-02-07,18482
Deluxe Twin Room,Internet Included,2 GUESTS   4 NIGHTS FROM,"$1,216AUD",2024-02-03,2024-02-07,18482
Deluxe Twin Room,Internet Included,2 GUESTS   4 NIGHTS FROM,"$1,256AUD / 4 nights",2024-02-03,2024-02-07,18482
Deluxe Twin Room,Internet Included,2 GUESTS   4 NIGHTS FROM,"$1,489AUD / 4 nights",2024-02-03,2024-02-07,18482
Club Double Room,Internet Included,2 GUESTS   4 NIGHTS FROM,"$1,293AUD",2024-02-03,2024-02-07,18482
Club Double Room,Internet Included,2 GUESTS   4 NIGHTS FROM,"$1,335AUD / 4 nights",2024-02-03,2024-02-07,18482
Club Double Room,Internet Included,2 GUESTS   4 NIGHTS FROM,"$1,572AUD / 4 nights",2024-02-03,2024-02-07,18482
Club Twin Room,Internet Included,2 GUESTS   4 NIGHTS FROM,"$1,370AUD",2024-02-03,2024-02-07,18482
Club Twin Room,Internet Included,2 GUESTS   4 NIGHTS FROM,"$1,414AUD / 4 nights",2024-02-03,2024-02-07,18482
Club Twin Room,Internet Included,2 GUESTS   4 NIGHTS FROM,"$1,697AUD / 4 nights",2024-02-03,2024-02-07,18482
"Triple Room, 1 Double Bed",Internet Included,2 GUESTS   4 NIGHTS FROM,"$1,651AUD",2024-02-03,2024-02-07,18482
"Triple Room, 1 Double Bed",Internet Included,2 GUESTS   4 NIGHTS FROM,"$1,704AUD / 4 nights",2024-02-03,2024-02-07,18482
"Triple Room, 1 Double Bed",Internet Included,2 GUESTS   4 NIGHTS FROM,"$2,106AUD / 4 nights",2024-02-03,2024-02-07,18482
Double Room (Compact),Internet Included,2 GUESTS   5 NIGHTS FROM,"$1,331AUD",2024-02-01,2024-02-06,18482
Double Room (Compact),Internet Included,2 GUESTS   5 NIGHTS FROM,"$1,375AUD / 5 nights",2024-02-01,2024-02-06,18482
Double Room (Compact),Internet Included,2 GUESTS   5 NIGHTS FROM,"$1,655AUD / 5 nights",2024-02-01,2024-02-06,18482
Deluxe Double Room,Internet Included,2 GUESTS   5 NIGHTS FROM,"$1,379AUD",2024-02-01,2024-02-06,18482
Deluxe Double Room,Internet Included,2 GUESTS   5 NIGHTS FROM,"$1,424AUD / 5 nights",2024-02-01,2024-02-06,18482
Deluxe Double Room,Internet Included,2 GUESTS   5 NIGHTS FROM,"$1,707AUD / 5 nights",2024-02-01,2024-02-06,18482
Deluxe Twin Room,Internet Included,2 GUESTS   5 NIGHTS FROM,"$1,504AUD",2024-02-01,2024-02-06,18482
Deluxe Twin Room,Internet Included,2 GUESTS   5 NIGHTS FROM,"$1,553AUD / 5 nights",2024-02-01,2024-02-06,18482
Deluxe Twin Room,Internet Included,2 GUESTS   5 NIGHTS FROM,"$1,843AUD / 5 nights",2024-02-01,2024-02-06,18482
Club Double Room,Internet Included,2 GUESTS   5 NIGHTS FROM,"$1,590AUD",2024-02-01,2024-02-06,18482
Club Double Room,Internet Included,2 GUESTS   5 NIGHTS FROM,"$1,642AUD / 5 nights",2024-02-01,2024-02-06,18482
Club Double Room,Internet Included,2 GUESTS   5 NIGHTS FROM,"$1,936AUD / 5 nights",2024-02-01,2024-02-06,18482
Club Twin Room,Internet Included,2 GUESTS   5 NIGHTS FROM,"$1,670AUD",2024-02-01,2024-02-06,18482
Club Twin Room,Internet Included,2 GUESTS   5 NIGHTS FROM,"$1,724AUD / 5 nights",2024-02-01,2024-02-06,18482
Club Twin Room,Internet Included,2 GUESTS   5 NIGHTS FROM,"$2,075AUD / 5 nights",2024-02-01,2024-02-06,18482
"Triple Room, 1 Double Bed",Internet Included,2 GUESTS   5 NIGHTS FROM,"$2,024AUD",2024-02-01,2024-02-06,18482
"Triple Room, 1 Double Bed",Internet Included,2 GUESTS   5 NIGHTS FROM,"$2,090AUD / 5 nights",2024-02-01,2024-02-06,18482
"Triple Room, 1 Double Bed",Internet Included,2 GUESTS   5 NIGHTS FROM,"$2,590AUD / 5 nights",2024-02-01,2024-02-06,18482
Double Room (Compact),Internet Included - Non-refundable,2 GUESTS   3 NIGHTS FROM,$871AUD,2024-02-14,2024-02-17,18482
Double Room (Compact),Internet Included - Non-refundable,2 GUESTS   3 NIGHTS FROM,$910AUD / 3 nights,2024-02-14,2024-02-17,18482
Double Room (Compact),Internet Included - Non-refundable,2 GUESTS   3 NIGHTS FROM,"$1,114AUD / 3 nights",2024-02-14,2024-02-17,18482
Deluxe Double Room,Internet Included - Non-refundable,2 GUESTS   3 NIGHTS FROM,$898AUD,2024-02-14,2024-02-17,18482
Deluxe Double Room,Internet Included - Non-refundable,2 GUESTS   3 NIGHTS FROM,$939AUD / 3 nights,2024-02-14,2024-02-17,18482
Deluxe Double Room,Internet Included - Non-refundable,2 GUESTS   3 NIGHTS FROM,"$1,145AUD / 3 nights",2024-02-14,2024-02-17,18482
Deluxe Twin Room,Internet Included - Non-refundable,2 GUESTS   3 NIGHTS FROM,$953AUD,2024-02-14,2024-02-17,18482
Deluxe Twin Room,Internet Included - Non-refundable,2 GUESTS   3 NIGHTS FROM,$996AUD / 3 nights,2024-02-14,2024-02-17,18482
Deluxe Twin Room,Internet Included - Non-refundable,2 GUESTS   3 NIGHTS FROM,"$1,208AUD / 3 nights",2024-02-14,2024-02-17,18482
Club Double Room,Internet Included - Non-refundable,2 GUESTS   3 NIGHTS FROM,"$1,008AUD",2024-02-14,2024-02-17,18482
Club Double Room,Internet Included - Non-refundable,2 GUESTS   3 NIGHTS FROM,"$1,054AUD / 3 nights",2024-02-14,2024-02-17,18482
Club Double Room,Internet Included - Non-refundable,2 GUESTS   3 NIGHTS FROM,"$1,270AUD / 3 nights",2024-02-14,2024-02-17,18482
Club Twin Room,Internet Included - Non-refundable,2 GUESTS   3 NIGHTS FROM,"$1,063AUD",2024-02-14,2024-02-17,18482
Club Twin Room,Internet Included - Non-refundable,2 GUESTS   3 NIGHTS FROM,"$1,111AUD / 3 nights",2024-02-14,2024-02-17,18482
Club Twin Room,Internet Included - Non-refundable,2 GUESTS   3 NIGHTS FROM,"$1,364AUD / 3 nights",2024-02-14,2024-02-17,18482
"Triple Room, 1 Double Bed",Internet Included - Non-refundable,2 GUESTS   3 NIGHTS FROM,"$1,264AUD",2024-02-14,2024-02-17,18482
"Triple Room, 1 Double Bed",Internet Included - Non-refundable,2 GUESTS   3 NIGHTS FROM,"$1,322AUD / 3 nights",2024-02-14,2024-02-17,18482
"Triple Room, 1 Double Bed",Internet Included - Non-refundable,2 GUESTS   3 NIGHTS FROM,"$1,671AUD / 3 nights",2024-02-14,2024-02-17,18482
Double Room (Compact),Internet Included,2 GUESTS   1 NIGHT FROM,$197AUD,2024-01-29,2024-01-30,18482
Double Room (Compact),Internet Included,2 GUESTS   1 NIGHT FROM,$243AUD / 1 night,2024-01-29,2024-01-30,18482
Deluxe Double Room,Internet Included,2 GUESTS   1 NIGHT FROM,$209AUD,2024-01-29,2024-01-30,18482
Deluxe Double Room,Internet Included,2 GUESTS   1 NIGHT FROM,$255AUD / 1 night,2024-01-29,2024-01-30,18482
Deluxe Twin Room,Internet Included,2 GUESTS   1 NIGHT FROM,$220AUD,2024-01-29,2024-01-30,18482
Deluxe Twin Room,Internet Included,2 GUESTS   1 NIGHT FROM,$266AUD / 1 night,2024-01-29,2024-01-30,18482
Club Double Room,Internet Included,2 GUESTS   1 NIGHT FROM,$232AUD,2024-01-29,2024-01-30,18482
Club Double Room,Internet Included,2 GUESTS   1 NIGHT FROM,$278AUD / 1 night,2024-01-29,2024-01-30,18482
Club Twin Room,Internet Included,2 GUESTS   1 NIGHT FROM,$236AUD,2024-01-29,2024-01-30,18482
Club Twin Room,Internet Included,2 GUESTS   1 NIGHT FROM,$293AUD / 1 night,2024-01-29,2024-01-30,18482
"Triple Room, 1 Double Bed",Internet Included,2 GUESTS   1 NIGHT FROM,$298AUD,2024-01-29,2024-01-30,18482
"Triple Room, 1 Double Bed",Internet Included,2 GUESTS   1 NIGHT FROM,$411AUD / 1 night,2024-01-29,2024-01-30,18482
Double Room (Compact),Internet Included - Non-refundable,2 GUESTS   5 NIGHTS FROM,"$1,443AUD",2024-02-08,2024-02-13,18482
Double Room (Compact),Internet Included - Non-refundable,2 GUESTS   5 NIGHTS FROM,"$1,475AUD / 5 nights",2024-02-08,2024-02-13,18482
Double Room (Compact),Internet Included - Non-refundable,2 GUESTS   5 NIGHTS FROM,"$1,811AUD / 5 nights",2024-02-08,2024-02-13,18482
Deluxe Double Room,Internet Included - Non-refundable,2 GUESTS   5 NIGHTS FROM,"$1,490AUD",2024-02-08,2024-02-13,18482
Deluxe Double Room,Internet Included - Non-refundable,2 GUESTS   5 NIGHTS FROM,"$1,523AUD / 5 nights",2024-02-08,2024-02-13,18482
Deluxe Double Room,Internet Included - Non-refundable,2 GUESTS   5 NIGHTS FROM,"$1,863AUD / 5 nights",2024-02-08,2024-02-13,18482
Deluxe Twin Room,Internet Included - Non-refundable,2 GUESTS   5 NIGHTS FROM,"$1,630AUD",2024-02-08,2024-02-13,18482
Deluxe Twin Room,Internet Included - Non-refundable,2 GUESTS   5 NIGHTS FROM,"$1,666AUD / 5 nights",2024-02-08,2024-02-13,18482
Deluxe Twin Room,Internet Included - Non-refundable,2 GUESTS   5 NIGHTS FROM,"$2,020AUD / 5 nights",2024-02-08,2024-02-13,18482
Club Double Room,Internet Included - Non-refundable,2 GUESTS   5 NIGHTS FROM,"$1,724AUD",2024-02-08,2024-02-13,18482
Club Double Room,Internet Included - Non-refundable,2 GUESTS   5 NIGHTS FROM,"$1,762AUD / 5 nights",2024-02-08,2024-02-13,18482
Club Double Room,Internet Included - Non-refundable,2 GUESTS   5 NIGHTS FROM,"$2,124AUD / 5 nights",2024-02-08,2024-02-13,18482
Club Twin Room,Internet Included - Non-refundable,2 GUESTS   5 NIGHTS FROM,"$1,818AUD",2024-02-08,2024-02-13,18482
Club Twin Room,Internet Included - Non-refundable,2 GUESTS   5 NIGHTS FROM,"$1,858AUD / 5 nights",2024-02-08,2024-02-13,18482
Club Twin Room,Internet Included - Non-refundable,2 GUESTS   5 NIGHTS FROM,"$2,280AUD / 5 nights",2024-02-08,2024-02-13,18482
"Triple Room, 1 Double Bed",Internet Included - Non-refundable,2 GUESTS   5 NIGHTS FROM,"$2,161AUD",2024-02-08,2024-02-13,18482
"Triple Room, 1 Double Bed",Internet Included - Non-refundable,2 GUESTS   5 NIGHTS FROM,"$2,209AUD / 5 nights",2024-02-08,2024-02-13,18482
"Triple Room, 1 Double Bed",Internet Included - Non-refundable,2 GUESTS   5 NIGHTS FROM,"$2,791AUD / 5 nights",2024-02-08,2024-02-13,18482
Double Room (Compact),Internet Included,2 GUESTS   3 NIGHTS FROM,$872AUD,2024-02-02,2024-02-05,18482
Double Room (Compact),Internet Included,2 GUESTS   3 NIGHTS FROM,$900AUD / 3 nights,2024-02-02,2024-02-05,18482
Double Room (Compact),Internet Included,2 GUESTS   3 NIGHTS FROM,"$1,072AUD / 3 nights",2024-02-02,2024-02-05,18482
Deluxe Double Room,Internet Included,2 GUESTS   3 NIGHTS FROM,$901AUD,2024-02-02,2024-02-05,18482
Deluxe Double Room,Internet Included,2 GUESTS   3 NIGHTS FROM,$930AUD / 3 nights,2024-02-02,2024-02-05,18482
Deluxe Double Room,Internet Included,2 GUESTS   3 NIGHTS FROM,"$1,104AUD / 3 nights",2024-02-02,2024-02-05,18482
Deluxe Twin Room,Internet Included,2 GUESTS   3 NIGHTS FROM,$968AUD,2024-02-02,2024-02-05,18482
Deluxe Twin Room,Internet Included,2 GUESTS   3 NIGHTS FROM,$999AUD / 3 nights,2024-02-02,2024-02-05,18482
Deluxe Twin Room,Internet Included,2 GUESTS   3 NIGHTS FROM,"$1,177AUD / 3 nights",2024-02-02,2024-02-05,18482
Club Double Room,Internet Included,2 GUESTS   3 NIGHTS FROM,"$1,025AUD",2024-02-02,2024-02-05,18482
Club Double Room,Internet Included,2 GUESTS   3 NIGHTS FROM,"$1,058AUD / 3 nights",2024-02-02,2024-02-05,18482
Club Double Room,Internet Included,2 GUESTS   3 NIGHTS FROM,"$1,239AUD / 3 nights",2024-02-02,2024-02-05,18482
Club Twin Room,Internet Included,2 GUESTS   3 NIGHTS FROM,"$1,082AUD",2024-02-02,2024-02-05,18482
Club Twin Room,Internet Included,2 GUESTS   3 NIGHTS FROM,"$1,118AUD / 3 nights",2024-02-02,2024-02-05,18482
Club Twin Room,Internet Included,2 GUESTS   3 NIGHTS FROM,"$1,333AUD / 3 nights",2024-02-02,2024-02-05,18482
"Triple Room, 1 Double Bed",Internet Included,2 GUESTS   3 NIGHTS FROM,"$1,293AUD",2024-02-02,2024-02-05,18482
"Triple Room, 1 Double Bed",Internet Included,2 GUESTS   3 NIGHTS FROM,"$1,335AUD / 3 nights",2024-02-02,2024-02-05,18482
"Triple Room, 1 Double Bed",Internet Included,2 GUESTS   3 NIGHTS FROM,"$1,640AUD / 3 nights",2024-02-02,2024-02-05,18482
